{
	"axis_max" : 31.565694000000001,
	"axis_min" : -16.297488000000001,
	"bounding_polygon" : 
	[
		[ 2.9719889269443636, 1.7079199327547736, 0.0 ],
		[ -2.4914464950908437, 1.7079199327547736, 0.0 ],
		[ -2.4914464950908437, -1.5756138341965644, 0.0 ],
		[ 2.9719889269443636, -1.5756138341965644, 0.0 ]
	],
	"class_name" : "SelectionPolygonVolume",
	"orthogonal_axis" : "Z",
	"version_major" : 1,
	"version_minor" : 0
}