{
	"axis_max" : 38.044499999999999,
	"axis_min" : -44.977800000000002,
	"bounding_polygon" : 
	[
		[ 6.1407086076952631, 0.0, -0.60452344236180267 ],
		[ 6.1407086076952631, 0.0, 10.304335223377304 ],
		[ -2.6889859582503144, 0.0, 10.304335223377304 ],
		[ -2.6889859582503144, 0.0, -0.60452344236180267 ]
	],
	"class_name" : "SelectionPolygonVolume",
	"orthogonal_axis" : "Y",
	"version_major" : 1,
	"version_minor" : 0
}